file,payable_idx,page_span_if_available,doc_type,currency,status,printed_gross,printed_gross_empty_flag,booked_gross,diff,abs_diff,n_line_items,n_lines_empty_unit_price,n_lines_empty_quantity,n_lines_empty_line_total,n_lines_empty_tax,printed_net_total,printed_tax_total,sum_of_line_totals,sum_of_line_taxes,has_discount_or_rebate_field
DU-02.json,0,,INVOICE,EUR,FAIL,37534.94,N,27913.31,-9621.630000000001,9621.630000000001,21,6,0,0,21,,,38184.94,0.0,Y
DU-02.json,1,,INVOICE,TRY,PASS,1.872.11,Y,0.0,0.0,0.0,1,0,0,0,1,1.872.11,,0.0,0.0,Y
DU-02.json,2,,INVOICE,TRY,PASS,1628.16,N,1628.16,0.0,0.0,3,0,0,0,3,1628.16,,1628.1599999999999,0.0,Y
DU-02.json,3,,INVOICE,TRY,PASS,92366.96,N,92366.96,0.0,0.0,1,0,0,0,1,92366.96,,92366.96,0.0,Y
DU-02.json,4,,INVOICE,TRY,FAIL,54.52,N,64.86,10.339999999999996,10.339999999999996,3,0,1,0,3,54.52,0.00,114.52,0.0,Y
DU-02.json,5,,INVOICE,TRY,PASS,16.50,N,16.5,0.0,0.0,1,0,0,0,0,16.50,0.00,16.5,0.0,Y
DU-02.json,6,,INVOICE,TRY,PASS,8.20,N,8.2,0.0,0.0,1,0,0,0,0,8.20,0.00,8.2,0.0,Y
DU-02.json,7,,INVOICE,TRY,FAIL,34982.89,N,3202.17,-31780.72,31780.72,4,0,0,1,4,,,1781.41,0.0,Y
DU-02.json,8,,INVOICE,TRY,PASS,22966.44,N,22966.44,0.0,0.0,1,0,0,0,1,22966.44,,22966.44,0.0,Y
DU-02.json,9,,INVOICE,TRY,FAIL,28.031.70,Y,28031.7,28031.7,28031.7,2,0,0,0,2,28.031.70,,28031.7,0.0,Y
DU-02.json,10,,INVOICE,TRY,PASS,21865.82,N,21865.82,0.0,0.0,1,0,0,0,1,21865.82,,21865.82,0.0,Y
DU-02.json,11,,INVOICE,TRY,PASS,,Y,0.0,0.0,0.0,1,1,0,1,1,,,0.0,0.0,Y
DU-02.json,12,,ABSENT,ABSENT,FAIL,5838.05,N,0.0,-5838.05,5838.05,0,0,0,0,0,,,0,0,N
DU-02.json,13,,INVOICE,TRY,PASS,18746.97,N,18746.97,0.0,0.0,2,0,0,0,2,18746.97,,18746.97,0.0,Y
DU-02.json,14,,INVOICE,TRY,PASS,532.37,N,532.36,-0.009999999999990905,0.009999999999990905,3,0,0,0,0,532.37,0.00,532.36,0.0,Y
DU-03.json,0,,ABSENT,ABSENT,FAIL,1040.06,N,0.0,-1040.06,1040.06,0,0,0,0,0,,,0,0,N
DU-03.json,1,,INVOICE,EUR,FAIL,4499.00,N,16.36,-4482.64,4482.64,1,0,0,0,1,4499.00,722.76,4499.0,0.0,Y
DU-05.json,0,,INVOICE,SGD,FAIL,771.66,N,77166.0,76394.34,76394.34,1,0,0,0,0,771.66,0.00,771.66,0.0,Y
DU-06.json,0,,ABSENT,ABSENT,FAIL,6.00,N,0.0,-6.0,6.0,0,0,0,0,0,,,0,0,N
DU-10.json,0,,CREDIT_MEMO,GBP,FAIL,5076.17,N,2789.97,-2286.2000000000003,2286.2000000000003,2,0,0,0,2,4230.14,846.03,4230.14,0.0,Y
DU-11.json,0,,CREDIT_MEMO,EUR,PASS,400.00,N,400.0,0.0,0.0,1,0,0,0,1,327.87,72.13,327.87,0.0,Y
HLD-01.json,0,,INVOICE,THB,FAIL,8161.92,N,8809.92,648.0,648.0,2,0,0,0,2,7200.00,549.36,7848.0,0.0,Y
HLD-03.json,0,,INVOICE,EUR,FAIL,67.25,N,-9.13,-76.38,76.38,1,0,0,0,1,123.36,7.74,123.36,0.0,Y
HLD-05.json,0,,INVOICE,EUR,FAIL,1796.54,N,1140.91,-655.6299999999999,655.6299999999999,13,0,8,0,13,1049.60,176.87,1822.34,0.0,Y
HLD-08.json,0,,INVOICE,ZAR,PASS,148941.47,N,148941.47,0.0,0.0,1,0,0,0,1,129514.32,19427.15,129514.32,0.0,Y
HLD-10.json,0,,INVOICE,EUR,FAIL,254.52,N,538.3,283.78,283.78,4,0,0,0,4,223.98,30.54,320.87,0.0,Y
INV-01.json,0,,INVOICE,EUR,PASS,438.00,N,438.0,0.0,0.0,2,0,0,0,0,438.00,0.00,438.0,0.0,Y
INV-02.json,0,,INVOICE,EUR,FAIL,608.23,N,711.83,103.60000000000002,103.60000000000002,15,0,0,2,15,490.51,117.72,546.2,0.0,Y
INV-03.json,0,,INVOICE,ZAR,PASS,8550.00,N,8550.0,0.0,0.0,1,0,0,0,1,7434.78,1115.22,7434.78,0.0,Y
INV-04.json,0,,INVOICE,ZAR,PASS,6620.55,N,6620.55,0.0,0.0,1,0,0,0,1,17157.00,2573.55,17157.0,0.0,Y
INV-06.json,0,,INVOICE,ZAR,FAIL,4683.98,N,1853.81,-2830.1699999999996,2830.1699999999996,26,0,0,0,26,,169.83,1633.98,0.0,Y
INV-07.json,0,,INVOICE,ZAR,FAIL,6620.55,N,19730.55,13110.0,13110.0,1,0,0,0,1,17157.00,2573.55,17157.0,0.0,Y
INV-09.json,0,,INVOICE,EUR,FAIL,37767.32,N,114378.73,76611.41,76611.41,3,0,0,0,3,37767.32,0.00,37807.32,0.0,Y
INV-10.json,0,,INVOICE,EUR,PASS,594.30,N,594.32,0.020000000000095497,0.020000000000095497,2,0,0,0,2,479.27,115.03,479.28999999999996,0.0,Y
INV-11.json,0,,INVOICE,EUR,PASS,83.21,N,83.21,0.0,0.0,5,1,0,1,5,,16.11,67.1,0.0,Y
INV-13.json,0,,INVOICE,EUR,FAIL,152587.46,N,159599.88,7012.420000000013,7012.420000000013,25,0,0,0,0,127564.34,25023.12,129782.08,0.0,Y
INV-14.json,0,,INVOICE,GBP,PASS,29253.72,N,29253.72,0.0,0.0,3,0,0,0,0,,3211.04,26042.68,0.0,Y
INV-15.json,0,,INVOICE,GBP,PASS,29253.72,N,29253.72,0.0,0.0,3,0,0,0,0,,3211.04,26042.68,0.0,Y
INV-16.json,0,,INVOICE,EUR,PASS,26.47,N,26.47,0.0,0.0,2,0,0,0,2,21.70,4.77,21.700000000000003,0.0,Y
INV-19.json,0,,INVOICE,GHC,PASS,8045.40,N,8045.4,0.0,0.0,2,0,0,0,2,6600.00,,6600.0,0.0,Y
INV-20.json,0,,INVOICE,CHF,PASS,12.10,N,12.1,0.0,0.0,1,0,0,0,1,11.19,0.91,11.19,0.0,Y
INV-21.json,0,,INVOICE,EUR,FAIL,535.79,N,960.4,424.61,424.61,5,0,0,0,5,432.91,100.19,443.9,0.0,Y
INV-25.json,0,,INVOICE,EUR,FAIL,176.00,N,216.48,40.47999999999999,40.47999999999999,3,0,0,0,0,143.09,32.91,176.0,0.0,Y
INV-27.json,0,,INVOICE,KES,FAIL,70654.30,N,70652.22,-2.0800000000017462,2.0800000000017462,7,0,0,0,7,60908.88,9745.42,60908.88,0.0,Y
INV-28.json,0,,INVOICE,DKK,FAIL,4478.20,N,4478.09,-0.10999999999967258,0.10999999999967258,15,0,0,0,15,3582.56,895.64,3582.56,0.0,Y
INV-31.json,0,,INVOICE,USD,PASS,17657.53,N,17657.53,0.0,0.0,1,0,0,0,1,,,17657.53,0.0,Y
INV-32.json,0,,INVOICE,USD,PASS,750.00,N,750.0,0.0,0.0,2,0,0,0,0,750.00,0.00,750.0,0.0,Y
INV-33.json,0,,INVOICE,SGD,PASS,250.00,N,250.0,0.0,0.0,1,0,0,0,0,250.00,0.00,250.0,0.0,Y
INV-34.json,0,,INVOICE,AUD,PASS,572.00,N,572.0,0.0,0.0,1,0,0,0,1,520.00,52.00,520.0,0.0,Y
INV-35.json,0,,INVOICE,USD,PASS,30.25,N,30.25,0.0,0.0,4,0,0,0,4,27.50,2.75,27.5,0.0,Y
INV-36.json,0,,INVOICE,USD,FAIL,91580.50,N,0.0,-91580.5,91580.5,1,1,0,0,0,91580.50,0.00,91580.5,0.0,Y
INV-37.json,0,,INVOICE,ABSENT,FAIL,2487.73,N,2077.97,-409.7600000000002,409.7600000000002,7,0,0,0,7,,,2073.75,0.0,Y
